{"reference_width": 1920, "reference_height": 1080, "parking_boxes": [[0.1820817470550537, 0.5091595119900174, 0.5012166976928711, 0.7889027913411458], [0.5765068054199218, 0.5162989863642939, 0.9126836776733398, 0.8068287037037037], [0.7271187464396159, 0.30468614366319446, 0.8133670806884765, 0.4106405470106337], [0.9486989974975586, 0.5208346896701389, 0.9996206283569335, 0.7244176228841146], [0.00014169216156005858, 0.47526346842447914, 0.15605804125467937, 0.7027974446614583], [0.013493481278419494, 0.3388494703504774, 0.11348350048065185, 0.43390850490993926], [0.6945653279622396, 0.2642581798412182, 0.7582334518432617, 0.3485198974609375], [0.48870277404785156, 0.2578815318919994, 0.5866121292114258, 0.319689037181713], [0.6666872024536132, 0.24286795722113716, 0.7142524719238281, 0.29987874914098667], [0.2500412940979004, 0.22671042548285592, 0.30321598052978516, 0.2827009695547598], [0.6316693623860677, 0.20197084214952257, 0.6601921081542969, 0.24005663836443866], [0.09938804308573405, 0.2761884336118345, 0.19322706858317057, 0.3641242980957031], [0.1725919723510742, 0.23938830340350115, 0.2568982124328613, 0.31817494145146125], [0.3198509216308594, 0.22589984469943578, 0.42026805877685547, 0.2988088819715712], [0.9884498596191407, 0.42144167864764176, 0.999591064453125, 0.47529195149739584], [0.612861696879069, 0.18192032708062067, 0.6478792826334635, 0.221110110812717], [0.42144107818603516, 0.21083378261990018, 0.45955562591552734, 0.24348622074833623]]}