{"reference_width": 1920, "reference_height": 1080, "parking_boxes": [[0.1952185312906901, 0.15560595194498697, 0.3585645357767741, 0.40506052087854455], [0.00019466876983642578, 0.32024830005787036, 0.11267845630645752, 0.5446150603117766], [0.2925327618916829, 0.019856039683024088, 0.37881139119466145, 0.12609620270905672], [0.4060754140218099, 0.008082103729248048, 0.4934934933980306, 0.11893605832700375]]}