{"reference_width": 1920, "reference_height": 1080, "parking_boxes": [[0.00018078088760375977, 0.4788523921260127, 0.10482966899871826, 0.6779819064670138], [0.8189619064331055, 0.2913937038845486, 0.9289138793945313, 0.43847232394748265], [0.12697362899780273, 0.2835640518753617, 0.2352438449859619, 0.42410498725043405], [0.0023175477981567383, 0.31029052734375, 0.10159371693929037, 0.4296903822157118], [0.7189371109008789, 0.23919400815610534, 0.7895395278930664, 0.31684005172164353], [0.892658805847168, 0.3086905867965133, 0.982032585144043, 0.4432737844961661], [0.9724217096964518, 0.5384226481119792, 0.9995981852213541, 0.6632609614619502], [0.13562459945678712, 0.22878474482783565, 0.21538863182067872, 0.31654414424189814], [0.980592918395996, 0.3551688300238715, 0.9995647430419922, 0.4214053683810764], [0.37354202270507814, 0.18889927334255643, 0.4475722312927246, 0.24372917457863136], [0.623156992594401, 0.1905390421549479, 0.7048038482666016, 0.25457017686631944], [0.7130818684895833, 0.20941458808051217, 0.7843127568562825, 0.2550849914550781], [0.863920021057129, 0.26140611436631944, 0.9728887557983399, 0.35988693237304686], [0.047441991170247395, 0.23113894992404513, 0.10034745534261068, 0.2804678175184462], [0.0912503163019816, 0.2615099589029948, 0.13912639617919922, 0.31949293348524305], [0.0, 0.3170099894205729, 0.016476529836654662, 0.3962596469455295], [0.12387940883636475, 0.2076032002766927, 0.17985331217447917, 0.24638392130533854]]}