{"reference_width": 1920, "reference_height": 1080, "parking_boxes": [[0.5088308334350586, 0.5567703812210648, 0.8251999537150065, 0.8659773649992766], [0.19024146397908528, 0.36620441012912325, 0.30981105168660483, 0.48669908311631943], [0.354205322265625, 0.31587905883789064, 0.44884214401245115, 0.40483729044596356], [0.13223676681518554, 0.32776828342013886, 0.21208941141764323, 0.4245867411295573], [0.6148281733194987, 0.3350151909722222, 0.7174652099609375, 0.43561520046657987], [0.2820402145385742, 0.2985194170916522, 0.36434354782104494, 0.37757308394820605], [0.5506889979044597, 0.30731302897135415, 0.6490992228190104, 0.40998687744140627], [0.22479209899902344, 0.2847391199182581, 0.29441750844319664, 0.3488168787073206], [0.07816696166992188, 0.29278635095666955, 0.1295322895050049, 0.35848433883101855], [0.2589337507883708, 0.25732057359483507, 0.32585296630859373, 0.2983213636610243]]}