{"reference_width": 1920, "reference_height": 1080, "parking_boxes": [[0.060000824928283694, 0.22012218899197047, 0.16056424776713055, 0.38120916861074944], [0.36184609731038414, 0.1776808844672309, 0.4560162862141927, 0.34115823816370083], [0.14720745086669923, 0.21453052096896702, 0.24775424003601074, 0.37077758223922164], [0.6802656809488933, 0.19503665500217013, 0.7933739344278972, 0.32740837379738136], [0.6067085266113281, 0.2036179012722439, 0.7191314697265625, 0.33335930153175636], [0.21919522285461426, 0.1478173573811849, 0.27511218388875325, 0.22683749728732638], [0.8890980402628581, 0.23636559380425348, 0.9620340983072917, 0.3440266361942998], [0.9827009201049804, 0.407049306233724, 0.9995672225952148, 0.4789997242115162], [0.7844629287719727, 0.22355660332573785, 0.9005836486816406, 0.3308595445421007], [0.2935601552327474, 0.14416741265190972, 0.34286492665608725, 0.2211246066623264], [0.7037405649820964, 0.1545572068956163, 0.774737803141276, 0.22980261908637153], [0.48321170806884767, 0.10423431396484376, 0.5667375564575196, 0.16445999145507811], [0.14654528299967448, 0.1567831251356337, 0.20695892969767252, 0.23569827609592015], [0.370931879679362, 0.10039435492621528, 0.45302743911743165, 0.1625508767587167], [0.5934816360473633, 0.14484614619502315, 0.6623159408569336, 0.2141166404441551], [0.3600483258565267, 0.137897703382704, 0.4052919705708822, 0.2043739742702908], [0.6536415100097657, 0.14179441663953993, 0.7126322428385417, 0.20972561306423612], [0.5854496637980143, 0.10932341681586372, 0.6590777079264323, 0.15785340203179254]]}