{"reference_width": 1920, "reference_height": 1080, "parking_boxes": [[0.14149250984191894, 0.35316721598307294, 0.488862419128418, 0.6647111680772569], [0.5898653030395508, 0.31536274662724245, 0.9213108698527018, 0.6332077026367188], [0.3531839688618978, 0.18188018798828126, 0.4467917442321777, 0.3303782145182292], [0.2593823432922363, 0.2014346652560764, 0.3572859764099121, 0.34499418470594617], [0.17058587074279785, 0.2275805155436198, 0.2684072812398275, 0.3685513814290365], [0.035169780254364014, 0.24221372251157408, 0.14409942626953126, 0.4024374502676505], [0.958430290222168, 0.3747183905707465, 0.9996162414550781, 0.5380966186523437], [0.4716029167175293, 0.18313539293077258, 0.546633783976237, 0.3224046495225694], [0.6421169916788737, 0.12875537165889034, 0.7371731440226237, 0.29189255325882524], [0.9323766708374024, 0.13258993360731336, 0.9882909774780273, 0.20348722669813368], [0.5605853398640951, 0.15717955695258246, 0.6385571797688802, 0.3059688991970486], [0.12409201463063559, 0.2023888905843099, 0.1904503345489502, 0.2787063033492477], [6.886124610900879e-05, 0.2992397732204861, 0.057756320635477705, 0.4175345526801215], [0.6973190943400065, 0.09487821790907118, 0.7799597422281901, 0.14641121758355036], [0.32540254592895507, 0.1430459764268663, 0.38938748041788734, 0.22815305921766493], [0.21120195388793944, 0.17231996324327256, 0.27346048355102537, 0.23610526190863715], [0.5320989608764648, 0.12676504629629629, 0.5824836730957031, 0.2037875281439887], [0.5960245132446289, 0.12432721455891928, 0.6493341445922851, 0.19991734822591145], [0.5998851776123046, 0.08466324276394314, 0.6801902770996093, 0.14186360394513164]]}